;y_pred_list;y_test_list
0;3;3
1;4;3
2;6;6
3;5;2
4;4;4
5;3;3
6;3;3
7;4;4
8;0;6
9;6;6
10;3;3
11;4;3
12;4;4
13;4;3
14;0;0
15;3;2
16;3;3
17;2;4
18;6;6
19;2;2
20;0;0
21;3;3
22;4;4
23;5;5
24;6;6
25;0;0
26;4;4
27;2;5
28;6;2
29;3;3
30;0;6
31;4;4
32;4;4
33;3;3
34;5;5
35;6;5
36;3;3
37;3;6
38;5;2
39;2;2
40;3;2
41;4;4
42;6;4
43;6;6
44;6;6
45;6;2
46;6;6
47;5;4
48;5;2
49;2;2
50;5;0
51;5;5
52;3;6
53;3;3
54;6;3
55;6;0
56;0;0
57;3;3
58;4;0
59;5;5
60;5;5
61;6;0
62;6;6
63;4;6
64;2;1
65;3;3
66;3;2
67;6;4
68;3;3
69;4;4
70;5;5
71;6;6
72;6;3
73;5;5
74;4;0
75;3;1
76;4;2
77;6;6
78;3;5
79;3;3
80;0;6
81;0;0
82;4;2
83;3;3
84;6;2
85;3;3
86;5;5
87;4;2
88;5;5
89;2;2
90;6;6
91;3;3
92;0;0
93;3;3
94;4;0
95;0;6
96;6;6
97;4;1
98;4;4
99;4;6
100;4;4
101;3;3
102;6;4
103;6;4
104;2;4
105;3;3
106;2;2
107;3;4
108;3;3
109;5;5
110;3;6
111;3;3
112;3;2
113;2;6
114;6;6
115;4;4
116;3;3
117;2;4
118;6;2
119;3;3
120;3;2
121;0;6
122;4;4
123;6;4
124;6;6
125;0;2
126;6;2
127;5;5
128;0;0
129;6;6
130;5;5
131;4;0
132;3;3
133;6;4
134;2;1
135;0;6
136;6;6
137;6;6
138;4;6
139;6;6
140;5;2
141;6;4
142;3;3
143;6;4
144;6;2
145;5;5
146;4;3
147;6;4
148;3;3
149;0;0
150;4;4
151;2;0
152;3;2
153;0;0
154;6;6
155;5;5
156;6;3
157;0;3
158;3;3
159;6;6
160;2;5
161;0;4
162;5;5
163;3;3
164;3;4
165;3;3
166;3;2
167;3;4
168;3;2
169;3;3
170;3;4
171;3;3
172;4;4
173;0;0
174;2;4
175;5;5
176;3;3
177;3;0
178;3;3
179;3;1
180;3;3
181;3;3
182;6;6
183;3;3
184;0;1
185;5;5
186;6;6
187;3;3
188;3;3
189;0;1
190;3;0
191;3;3
192;2;6
193;6;4
194;2;2
195;4;4
196;3;3
197;3;3
198;6;6
199;4;6
200;2;2
201;6;6
202;6;6
203;4;4
204;0;2
205;5;2
206;3;3
207;3;3
208;3;3
209;4;4
210;4;4
211;6;4
212;3;3
213;5;2
214;5;5
215;6;6
216;0;4
217;3;3
218;5;2
219;6;6
220;6;4
221;4;6
222;6;2
223;6;4
224;3;3
225;6;4
226;4;4
227;6;0
228;3;3
229;5;5
230;6;4
231;5;4
232;6;6
233;4;6
234;0;6
235;6;2
236;4;4
237;5;2
238;6;6
239;3;2
240;5;5
241;0;4
242;4;0
243;6;2
244;6;3
245;2;5
246;3;3
247;0;0
248;4;4
249;6;6
250;3;3
251;4;6
252;5;2
253;3;3
254;3;0
255;6;2
256;6;6
257;2;2
258;3;4
259;0;0
260;0;0
261;0;6
262;6;6
263;0;2
264;2;4
265;3;3
266;4;2
267;2;2
268;2;2
269;4;4
270;2;0
271;3;3
272;4;4
273;3;3
274;3;3
275;2;2
276;4;4
277;4;4
278;4;6
279;3;5
280;4;2
281;4;4
282;0;4
283;3;3
284;4;4
285;0;4
286;3;3
287;4;6
288;4;2
289;0;0
290;0;0
291;5;5
292;6;4
293;0;3
294;5;5
295;3;4
296;3;5
297;6;6
298;3;3
299;0;0
300;6;6
301;3;3
302;6;6
303;4;4
304;3;5
305;4;4
306;6;6
307;6;2
308;3;2
309;0;0
310;4;4
311;4;4
312;0;1
313;5;5
314;0;0
315;4;4
316;6;2
317;6;6
318;6;2
319;3;3
320;6;5
321;4;6
322;3;3
323;6;6
324;4;4
325;0;2
326;5;5
327;3;6
328;4;6
329;3;3
330;6;6
331;4;2
332;4;6
333;3;3
334;4;6
335;3;6
336;2;2
337;0;1
338;5;5
339;3;3
340;3;3
341;6;2
342;4;4
343;3;3
344;3;3
345;0;0
346;6;6
347;5;5
348;0;0
349;5;0
350;6;6
351;6;4
352;4;0
353;5;5
354;4;6
355;0;0
356;4;2
357;5;4
358;3;3
359;4;3
360;4;6
361;6;6
362;3;3
363;2;2
364;6;4
365;4;2
366;6;0
367;4;3
368;5;5
369;6;6
370;4;4
371;5;0
372;0;0
373;5;5
374;2;0
375;4;4
376;0;0
377;6;6
378;2;2
379;0;4
380;4;2
381;2;2
382;6;2
383;6;2
384;5;5
385;3;3
386;0;4
387;6;0
388;3;3
389;3;3
390;6;3
391;6;6
392;5;3
393;6;5
394;6;4
395;2;2
396;3;3
397;3;3
398;6;6
399;4;0
400;4;6
401;6;4
402;2;2
403;0;2
404;5;5
405;3;5
406;6;4
407;4;4
408;6;6
409;4;2
410;2;4
411;6;2
412;0;0
413;2;2
414;3;3
415;6;6
416;5;0
417;6;4
418;2;3
419;6;6
420;6;4
421;4;2
422;5;5
423;5;2
424;5;5
425;3;3
426;3;3
427;6;2
428;0;0
429;0;1
430;5;2
431;3;3
432;3;3
433;0;0
434;4;4
435;3;3
436;5;5
437;6;4
438;5;2
439;6;6
440;3;3
441;5;5
442;3;6
443;3;3
444;2;4
445;3;3
446;3;3
447;6;4
448;4;4
449;3;3
450;2;6
451;6;6
452;2;0
453;3;3
454;3;3
455;6;2
456;5;5
457;0;2
458;6;6
459;6;6
460;3;3
461;2;5
462;3;3
463;4;2
464;3;3
465;6;4
466;2;2
467;3;3
468;0;0
469;3;0
470;4;4
471;4;4
472;3;3
473;6;6
474;6;6
475;2;2
476;5;5
477;3;3
478;6;0
479;4;3
480;3;3
481;2;2
482;3;3
483;3;3
484;4;6
485;3;3
486;6;3
487;3;3
488;3;3
489;0;0
490;6;6
491;4;2
492;6;0
493;3;6
494;0;0
495;4;3
496;3;3
497;3;3
498;3;1
499;3;4
500;3;3
501;3;4
502;3;3
503;0;2
504;3;3
505;3;3
506;5;5
507;3;6
508;6;2
509;6;6
510;4;4
511;0;0
512;5;5
513;3;3
514;3;3
515;3;3
516;4;0
517;4;6
518;6;2
519;3;3
520;3;3
521;6;6
522;4;2
523;5;5
524;4;0
525;4;4
526;2;4
527;5;5
528;6;6
529;0;0
530;5;5
531;3;3
532;3;3
533;4;2
534;3;3
535;5;5
536;4;4
537;6;0
538;0;2
539;3;4
540;3;3
541;3;2
542;6;6
543;2;2
544;4;6
545;4;0
546;3;3
547;5;0
548;4;4
549;3;2
550;4;4
551;3;2
552;5;5
553;4;3
554;6;3
555;6;6
556;4;0
557;0;0
558;3;2
559;3;3
560;4;0
561;4;4
562;6;6
563;0;0
564;2;1
565;6;0
566;4;0
567;2;3
568;5;5
569;5;3
570;5;2
571;3;3
572;6;4
573;3;3
574;4;0
575;0;0
576;5;3
577;4;4
578;6;6
579;4;6
580;3;6
581;3;5
582;6;6
583;5;5
584;0;0
585;4;2
586;5;5
587;6;6
588;2;3
589;4;4
590;2;0
591;4;0
592;6;6
593;5;5
594;6;6
595;2;0
596;6;2
597;6;6
598;0;0
599;4;2
600;6;4
601;4;4
602;2;2
603;3;4
604;2;4
605;3;3
606;3;3
607;0;5
608;4;2
609;4;1
610;5;5
611;0;0
612;4;4
613;6;6
614;3;3
615;6;6
616;3;3
617;4;6
618;3;5
619;4;4
620;3;3
621;3;2
622;3;4
623;4;4
624;4;6
625;0;0
626;4;2
627;3;3
628;5;5
629;5;5
630;5;2
631;3;4
632;4;2
633;3;6
634;6;6
635;4;4
636;4;0
637;2;2
638;4;4
639;3;3
640;4;4
641;6;4
642;4;4
643;6;0
644;6;6
645;3;3
646;5;5
647;4;2
648;3;3
649;6;2
650;4;4
651;5;5
652;3;5
653;6;4
654;6;2
655;2;2
656;6;4
657;3;3
658;6;4
659;3;0
660;3;0
661;5;5
662;4;4
663;0;1
664;3;3
665;6;6
666;6;3
667;6;6
668;3;0
669;3;3
670;2;4
671;3;0
672;3;6
673;5;5
674;3;3
675;3;3
676;3;4
677;3;3
678;6;4
679;3;6
680;3;3
681;3;3
682;5;5
683;5;4
684;4;0
685;5;5
686;3;3
687;5;5
688;4;4
689;5;5
690;4;4
691;5;5
692;0;2
693;6;6
694;6;2
695;0;2
696;2;2
697;3;3
698;4;0
699;3;3
700;0;0
701;6;6
702;3;2
703;0;6
704;5;5
705;0;0
706;5;3
707;0;0
708;0;4
709;3;2
710;3;3
711;6;4
712;5;5
713;6;6
714;4;4
715;5;6
716;6;4
717;4;4
718;4;1
719;6;0
720;4;4
721;6;6
722;3;3
723;3;3
724;3;3
725;2;6
726;5;5
727;4;6
728;4;0
729;3;3
730;4;4
731;2;2
732;4;4
733;0;3
734;6;4
735;6;4
736;5;5
737;3;3
738;5;5
739;2;5
740;6;3
741;3;3
742;3;3
743;6;4
744;6;6
745;5;5
746;4;3
747;6;4
748;6;5
749;3;3
750;5;5
751;6;6
752;2;2
753;2;0
754;5;5
755;2;6
756;5;5
757;4;2
758;6;6
759;3;3
760;6;4
761;4;3
762;0;0
763;3;3
764;4;4
765;0;0
766;3;4
767;6;6
768;5;5
769;6;4
770;3;3
771;6;2
772;4;4
773;5;5
774;6;4
775;6;4
776;6;4
777;5;5
778;4;2
779;6;0
780;2;1
781;6;6
782;4;4
783;6;6
784;6;6
785;6;6
786;0;0
787;3;3
788;0;4
789;3;3
790;6;2
791;2;4
792;3;3
793;6;2
794;3;3
795;6;0
796;2;2
797;3;3
798;5;5
799;3;3
800;0;0
801;3;3
802;3;3
803;3;3
804;2;4
805;4;4
806;2;4
807;3;3
808;3;0
809;3;3
810;2;0
811;6;6
812;5;5
813;5;5
814;3;3
815;4;6
816;6;4
817;4;4
818;2;4
819;3;3
820;6;6
821;6;5
822;2;0
823;4;6
824;3;3
825;5;4
826;5;5
827;6;2
828;3;6
829;3;3
830;4;5
831;5;6
832;4;4
833;5;0
834;6;5
835;4;2
836;6;2
837;6;6
838;3;3
839;6;5
840;4;6
841;3;3
842;0;4
843;6;6
844;3;6
845;5;5
846;2;4
847;4;0
848;4;4
849;6;2
850;3;3
851;4;4
852;3;3
853;6;6
854;3;4
855;5;5
856;2;1
857;3;3
858;0;5
859;3;3
860;6;6
861;4;2
862;3;3
863;3;0
864;6;4
865;4;4
866;3;3
867;4;4
868;0;0
869;5;5
870;2;0
871;4;4
872;4;0
873;3;3
874;2;4
875;6;6
876;0;0
877;0;0
878;4;4
879;0;0
880;6;6
881;5;2
882;0;2
883;3;3
884;4;0
885;6;6
886;4;4
887;6;4
888;3;3
889;4;6
890;3;3
891;6;6
892;4;6
893;0;3
894;2;2
895;3;3
896;3;3
897;4;4
898;4;2
899;3;3
900;6;6
901;3;3
902;6;2
903;3;3
904;3;3
905;6;4
906;2;6
907;3;4
908;5;5
909;6;4
910;6;5
911;3;3
912;4;4
913;4;2
914;3;3
915;0;4
916;5;2
917;5;2
918;4;0
919;0;0
920;2;2
921;3;5
922;6;6
923;4;4
924;0;4
925;3;3
926;0;0
927;5;5
928;4;4
929;3;3
930;3;0
931;0;5
932;5;5
933;3;2
934;0;0
935;6;6
936;4;1
937;0;0
938;6;4
939;3;3
940;6;6
941;5;5
942;2;2
943;6;3
944;6;6
945;3;3
946;5;5
947;4;4
948;3;5
949;0;0
950;6;4
951;0;4
952;4;4
953;5;2
954;4;3
955;4;0
956;5;5
957;6;0
958;3;3
959;6;0
960;4;6
961;0;2
962;4;6
963;4;4
964;0;2
965;0;0
966;3;3
967;4;4
968;4;6
969;3;2
970;6;6
971;6;6
972;2;0
973;4;4
974;3;4
975;3;0
976;3;0
977;4;4
978;0;0
979;6;6
980;6;5
981;6;3
982;2;2
983;4;4
984;3;3
985;4;3
986;3;2
987;6;6
988;6;0
989;4;0
990;6;6
991;3;3
992;6;5
993;6;4
994;3;3
995;4;2
996;6;6
997;2;2
998;3;6
999;3;4
1000;3;3
1001;6;4
1002;3;3
1003;6;6
1004;2;5
1005;0;4
1006;4;2
1007;6;6
1008;6;5
1009;3;3
1010;4;2
1011;3;3
1012;6;6
1013;4;3
1014;6;2
1015;3;3
1016;3;3
1017;4;6
1018;3;4
1019;5;5
1020;0;2
1021;6;0
1022;3;3
1023;3;3
1024;0;6
1025;5;5
1026;4;4
1027;6;6
1028;4;4
1029;0;0
1030;3;3
1031;5;5
1032;4;4
1033;6;0
1034;3;6
1035;0;4
1036;2;0
1037;6;6
1038;6;6
1039;4;6
1040;3;3
1041;5;5
1042;5;5
1043;2;5
1044;6;6
1045;2;0
1046;6;6
1047;3;0
1048;4;0
1049;0;0
1050;0;0
1051;3;3
1052;4;4
1053;3;3
1054;0;2
1055;4;4
1056;4;0
1057;4;4
1058;3;3
1059;4;6
1060;4;2
1061;6;6
1062;6;5
1063;3;2
1064;3;3
1065;6;6
1066;3;0
1067;4;5
1068;6;3
1069;4;6
1070;5;5
1071;3;3
1072;5;5
1073;3;3
1074;4;6
1075;3;3
1076;4;0
1077;5;5
1078;3;3
1079;3;3
1080;5;5
1081;0;1
1082;6;6
1083;3;3
1084;3;0
1085;6;2
1086;3;3
1087;3;2
1088;5;2
1089;4;4
1090;2;2
1091;3;3
1092;4;3
1093;4;2
1094;0;0
1095;2;2
1096;5;5
1097;6;6
1098;0;2
1099;6;6
1100;3;5
1101;2;0
1102;3;3
1103;2;2
1104;6;5
1105;3;3
1106;3;3
1107;0;2
1108;6;4
1109;2;1
1110;3;5
1111;3;3
1112;0;6
1113;3;3
1114;5;5
1115;3;3
1116;5;0
1117;3;3
1118;0;4
1119;6;6
1120;0;4
1121;4;4
1122;3;3
1123;4;0
1124;3;3
1125;4;3
1126;6;0
1127;6;6
1128;2;2
1129;4;0
1130;3;3
1131;6;2
1132;2;1
1133;4;2
1134;2;2
1135;3;3
1136;3;2
1137;2;2
1138;4;3
1139;0;4
1140;6;0
1141;4;4
1142;5;5
1143;3;3
1144;4;0
1145;5;0
1146;4;0
1147;3;3
1148;5;0
1149;4;4
1150;3;3
1151;0;4
1152;3;3
1153;6;0
1154;3;4
1155;5;1
1156;2;6
1157;0;0
1158;3;3
1159;6;2
1160;3;3
1161;5;5
1162;5;5
1163;5;5
1164;0;0
1165;6;6
1166;4;0
1167;3;3
1168;3;6
1169;4;4
1170;4;6
1171;4;4
1172;4;3
1173;2;6
1174;3;3
1175;2;3
1176;0;0
1177;6;3
1178;3;6
1179;3;3
1180;3;3
1181;6;6
1182;5;5
1183;3;6
1184;6;6
1185;0;0
1186;4;0
1187;3;3
1188;0;2
1189;2;2
1190;0;0
1191;5;5
1192;0;5
1193;0;4
1194;5;5
1195;3;3
1196;0;6
1197;4;6
1198;6;3
1199;5;4
1200;6;2
1201;5;2
1202;3;3
1203;4;6
1204;4;4
1205;3;2
1206;4;4
1207;6;3
1208;4;4
1209;0;4
1210;3;3
1211;4;6
1212;4;4
1213;6;6
1214;5;5
1215;2;5
1216;6;6
1217;4;2
1218;6;6
1219;5;5
1220;4;6
1221;6;6
1222;4;2
1223;3;3
1224;3;2
1225;3;3
1226;6;4
1227;0;3
1228;0;0
1229;3;6
1230;5;5
1231;4;2
1232;3;3
1233;4;6
1234;5;5
1235;3;3
1236;2;0
1237;6;5
1238;4;2
1239;0;4
1240;2;2
1241;4;0
1242;3;3
1243;6;6
1244;6;6
1245;4;4
1246;0;0
1247;3;6
1248;2;5
1249;2;5
1250;3;3
1251;3;3
1252;6;3
1253;2;0
1254;4;2
1255;3;4
1256;0;0
1257;3;3
1258;4;0
1259;3;3
1260;3;3
1261;4;4
1262;5;4
1263;3;3
1264;3;6
1265;6;6
1266;6;4
1267;6;6
1268;0;4
1269;3;3
1270;4;4
1271;3;6
1272;0;0
1273;3;3
1274;3;3
1275;3;3
1276;5;5
1277;3;3
1278;3;3
1279;6;2
1280;6;6
1281;6;3
1282;2;2
1283;0;0
1284;5;5
1285;0;0
1286;3;3
1287;6;4
1288;4;0
1289;6;6
1290;4;4
1291;6;0
1292;2;2
1293;6;6
1294;2;5
1295;3;3
1296;0;3
1297;3;2
1298;3;3
1299;3;3
1300;3;3
1301;4;2
1302;6;6
1303;2;4
1304;3;3
1305;0;0
1306;3;2
1307;3;3
1308;5;5
1309;3;3
1310;6;4
1311;4;4
1312;5;5
1313;4;4
1314;5;5
1315;3;6
1316;4;0
1317;6;4
1318;3;3
1319;0;0
1320;5;5
1321;6;2
1322;3;3
1323;0;3
1324;6;4
1325;5;5
1326;6;6
1327;6;5
1328;6;0
1329;5;5
1330;5;6
1331;5;5
1332;3;3
1333;3;3
1334;6;6
1335;3;3
1336;3;3
1337;0;6
1338;6;2
1339;3;4
1340;2;2
1341;3;6
1342;6;6
1343;6;4
1344;4;6
1345;3;6
1346;2;2
1347;2;2
1348;4;2
1349;6;6
1350;3;3
1351;3;3
1352;0;4
1353;0;0
1354;3;6
1355;6;6
1356;5;5
1357;6;2
1358;3;6
1359;5;5
1360;3;3
1361;0;0
1362;3;3
1363;2;2
1364;3;3
1365;4;4
1366;3;0
1367;3;0
1368;0;0
1369;0;0
1370;4;2
1371;4;2
1372;2;0
1373;0;2
1374;6;0
1375;3;3
1376;0;1
1377;0;2
1378;3;3
1379;3;0
1380;0;0
1381;0;4
1382;4;2
1383;3;3
1384;3;3
1385;3;3
1386;5;2
1387;4;6
1388;4;3
1389;3;3
1390;3;3
1391;6;5
1392;2;2
1393;4;4
1394;3;3
1395;5;0
1396;4;4
1397;3;3
1398;3;0
1399;6;4
1400;3;6
1401;3;3
1402;6;6
1403;4;4
1404;3;3
1405;5;5
1406;5;5
1407;0;3
1408;0;2
1409;3;3
1410;3;3
1411;6;6
1412;4;0
1413;6;3
1414;3;0
1415;3;3
1416;6;4
1417;4;4
1418;0;0
1419;4;6
1420;3;3
1421;4;6
1422;3;3
1423;3;3
1424;3;3
1425;4;6
1426;3;2
1427;6;2
1428;2;2
1429;2;2
1430;4;4
1431;5;5
1432;3;3
1433;3;3
1434;4;5
1435;3;0
1436;4;4
1437;6;2
1438;3;3
1439;5;4
1440;2;2
1441;3;3
1442;3;3
1443;6;3
1444;4;1
1445;6;6
1446;4;4
1447;5;5
1448;3;3
1449;4;0
1450;3;4
1451;0;6
1452;2;2
1453;0;2
1454;0;0
1455;3;5
1456;3;3
1457;3;3
1458;4;4
1459;3;3
1460;3;3
1461;5;5
1462;0;2
1463;0;2
1464;4;4
1465;4;3
1466;5;5
1467;3;3
1468;3;3
1469;0;4
1470;0;6
1471;6;6
1472;6;0
1473;3;3
1474;6;5
1475;3;6
1476;5;2
1477;6;6
1478;3;3
1479;5;5
1480;5;0
1481;4;6
1482;3;3
1483;6;0
1484;3;3
1485;6;0
1486;0;0
1487;4;2
1488;6;4
1489;3;6
1490;2;6
1491;3;3
1492;3;3
1493;3;3
1494;3;3
1495;2;4
1496;3;3
1497;4;4
1498;3;3
1499;6;6
1500;6;4
1501;6;6
1502;5;5
1503;3;4
1504;3;3
1505;2;2
1506;3;3
1507;6;6
1508;3;3
1509;2;5
1510;6;6
1511;5;5
1512;3;6
1513;2;4
1514;4;4
1515;4;4
1516;3;0
1517;4;6
1518;0;0
1519;3;3
1520;3;3
1521;6;6
1522;3;3
1523;4;3
1524;0;6
1525;5;2
1526;4;4
1527;2;2
1528;6;6
1529;4;4
1530;6;5
1531;4;6
1532;4;2
1533;6;0
1534;3;3
1535;3;4
1536;0;0
1537;3;3
1538;2;2
1539;3;3
1540;3;3
1541;4;4
1542;0;0
1543;3;3
1544;6;0
1545;3;3
1546;5;5
1547;2;2
1548;4;6
1549;3;3
1550;2;0
1551;4;2
1552;3;4
1553;3;1
1554;0;0
1555;5;3
1556;3;3
1557;6;6
1558;4;6
1559;6;0
1560;2;4
1561;5;5
1562;6;4
1563;3;3
1564;3;3
1565;3;3
1566;6;4
1567;0;2
1568;5;5
1569;4;6
1570;2;6
1571;3;3
1572;3;3
1573;4;4
1574;2;2
1575;6;6
1576;3;3
1577;3;4
1578;3;3
1579;6;6
1580;0;0
1581;6;6
1582;3;0
1583;4;4
1584;6;6
1585;4;0
1586;4;4
1587;3;3
1588;4;3
1589;4;3
1590;5;5
1591;6;2
1592;4;6
1593;0;5
1594;5;6
1595;3;3
1596;3;5
1597;6;6
1598;6;6
1599;6;4
1600;3;3
1601;4;4
1602;4;4
1603;5;3
1604;3;3
1605;6;6
1606;2;0
1607;3;3
1608;0;4
1609;3;3
1610;2;5
1611;6;6
1612;3;3
1613;6;6
1614;2;2
1615;4;4
1616;6;3
1617;4;3
1618;3;3
1619;6;6
1620;5;5
1621;3;3
1622;4;4
1623;0;0
1624;6;6
1625;3;3
1626;3;3
1627;6;6
1628;5;2
1629;3;3
1630;4;3
1631;6;6
1632;2;0
1633;4;4
1634;4;6
1635;4;4
1636;3;3
1637;2;2
1638;2;2
1639;4;4
1640;3;4
1641;3;3
1642;2;5
1643;2;6
1644;3;3
1645;5;3
1646;4;6
1647;0;3
1648;3;3
1649;2;4
1650;2;5
1651;6;4
1652;3;5
1653;4;4
1654;5;5
1655;4;4
1656;4;6
1657;5;5
1658;5;4
1659;0;0
1660;6;6
1661;3;3
1662;3;6
1663;5;5
1664;5;5
1665;5;5
1666;0;0
1667;6;6
1668;6;6
1669;6;4
1670;4;6
1671;0;0
1672;2;1
1673;2;2
1674;4;3
1675;4;2
1676;5;5
1677;3;3
1678;6;0
1679;4;0
1680;0;0
1681;2;2
1682;5;2
1683;4;4
1684;4;2
1685;5;5
1686;3;3
1687;2;0
1688;2;6
1689;3;3
1690;3;3
1691;3;3
1692;6;6
1693;3;3
1694;4;6
1695;4;4
1696;6;6
1697;0;0
1698;4;3
1699;6;6
1700;2;6
1701;0;0
1702;3;3
1703;5;2
1704;5;5
1705;3;2
1706;3;5
1707;4;4
1708;6;6
1709;3;3
1710;3;0
1711;3;3
1712;4;4
1713;6;4
1714;0;0
1715;6;0
1716;2;2
1717;6;6
1718;4;2
1719;4;4
1720;4;4
1721;3;3
1722;6;6
1723;6;4
1724;4;2
1725;4;0
1726;6;6
1727;4;6
1728;5;5
1729;4;4
1730;6;2
1731;3;5
1732;6;2
1733;5;2
1734;5;2
1735;6;3
1736;6;2
1737;2;2
1738;6;2
1739;3;6
1740;4;0
1741;3;3
1742;5;5
1743;5;3
1744;3;3
1745;3;4
1746;6;6
1747;3;3
1748;0;5
1749;5;2
1750;6;4
1751;4;2
1752;5;5
1753;0;0
1754;6;6
1755;4;4
1756;4;6
1757;2;2
1758;6;3
1759;0;0
1760;3;3
1761;3;3
1762;5;5
1763;6;4
1764;6;2
1765;4;4
1766;6;6
1767;6;6
1768;6;3
1769;6;3
1770;6;4
1771;0;0
1772;4;2
1773;5;5
1774;3;3
1775;3;3
1776;5;5
1777;2;0
1778;5;5
1779;4;2
1780;5;5
1781;0;4
1782;4;2
1783;0;4
1784;4;3
1785;6;6
1786;6;6
1787;6;6
1788;4;4
1789;5;5
1790;4;6
1791;2;5
1792;6;4
1793;6;6
1794;3;3
1795;6;6
1796;4;4
1797;5;2
1798;2;2
1799;3;4
1800;3;3
1801;4;3
1802;2;6
1803;2;0
1804;6;0
1805;3;4
1806;6;4
1807;4;5
1808;5;5
1809;3;6
1810;0;0
1811;5;5
1812;3;3
1813;6;5
1814;6;6
1815;5;5
1816;6;6
1817;3;3
1818;3;3
1819;2;4
1820;5;5
1821;2;0
1822;4;4
1823;0;4
1824;4;2
1825;6;6
1826;2;2
1827;3;3
1828;2;5
1829;3;3
1830;4;4
1831;4;0
1832;3;3
1833;3;3
1834;6;6
1835;0;0
1836;4;6
1837;6;6
1838;6;2
1839;3;3
1840;6;6
1841;6;4
1842;3;3
1843;2;5
1844;3;5
1845;3;3
1846;4;4
1847;4;0
1848;0;0
1849;5;1
1850;3;3
1851;4;4
1852;0;0
1853;6;5
1854;4;3
1855;3;0
1856;2;2
1857;4;2
1858;3;3
1859;2;2
1860;4;4
1861;0;2
1862;4;6
1863;0;1
1864;5;6
1865;0;2
1866;3;3
1867;5;5
1868;4;4
1869;5;5
1870;3;4
1871;3;3
1872;3;3
1873;5;5
1874;3;3
1875;4;4
1876;6;4
1877;4;4
1878;0;0
1879;3;3
1880;2;0
1881;5;5
1882;6;6
1883;3;3
1884;6;6
1885;6;6
1886;3;3
1887;5;5
1888;0;5
1889;3;0
1890;6;2
1891;6;6
1892;4;3
1893;3;3
1894;6;0
1895;3;3
1896;4;4
1897;6;6
1898;3;0
1899;2;4
1900;3;6
1901;0;4
1902;3;3
1903;4;4
1904;6;2
1905;5;3
1906;4;2
1907;3;3
1908;3;3
1909;5;5
1910;6;6
1911;6;4
1912;4;4
1913;0;5
1914;3;3
1915;3;3
1916;3;3
1917;3;3
1918;6;0
1919;6;2
1920;4;0
1921;6;6
1922;3;3
1923;4;4
1924;6;6
1925;3;3
1926;6;6
1927;2;2
1928;4;2
1929;4;6
1930;3;3
1931;6;0
1932;4;6
1933;4;4
1934;2;2
1935;3;3
1936;0;2
1937;5;5
1938;5;5
1939;3;3
1940;5;5
1941;5;5
1942;5;5
1943;2;0
1944;4;2
1945;3;3
1946;3;3
1947;6;2
1948;5;5
1949;4;0
1950;0;5
1951;2;4
1952;3;3
1953;6;4
1954;3;3
1955;3;3
1956;2;4
1957;3;0
1958;4;6
1959;6;6
1960;6;6
1961;2;6
1962;5;2
1963;0;2
1964;3;3
1965;6;6
1966;5;5
1967;3;3
1968;4;0
1969;4;3
1970;3;0
1971;3;3
1972;0;0
1973;3;3
1974;4;3
1975;3;3
1976;5;5
1977;6;2
1978;4;6
1979;6;6
1980;5;2
1981;4;4
1982;0;6
1983;6;6
1984;0;0
1985;5;5
1986;6;6
1987;3;3
1988;0;1
1989;3;3
1990;4;6
1991;6;0
1992;6;4
1993;4;2
1994;6;6
1995;0;2
1996;6;6
1997;4;0
1998;3;4
1999;3;3
2000;3;3
2001;4;2
2002;3;5
2003;0;0
2004;4;2
2005;6;5
2006;0;0
2007;5;5
2008;5;5
2009;6;4
2010;0;6
2011;0;0
2012;6;6
2013;5;2
2014;5;5
2015;4;4
2016;3;3
2017;0;1
2018;2;5
2019;3;3
2020;4;2
2021;6;4
2022;3;3
2023;6;3
2024;6;6
2025;3;3
2026;3;2
2027;6;2
2028;4;4
2029;0;0
2030;3;4
2031;3;3
2032;3;3
2033;3;3
2034;6;5
2035;0;4
2036;3;3
2037;2;4
2038;6;4
2039;4;6
2040;4;3
2041;3;6
2042;6;6
2043;2;5
2044;4;4
2045;3;6
2046;3;3
2047;6;6
2048;0;0
2049;0;5
2050;4;1
2051;3;3
2052;6;6
2053;3;3
2054;4;4
2055;3;5
2056;4;6
2057;4;4
2058;0;0
2059;3;3
2060;3;3
2061;0;0
2062;4;4
2063;6;6
2064;6;6
2065;3;3
2066;5;5
2067;4;0
2068;6;4
2069;6;6
2070;3;3
2071;4;4
2072;4;2
2073;5;5
2074;4;4
2075;6;6
2076;4;4
2077;0;2
2078;3;3
2079;6;4
2080;3;6
2081;3;0
2082;5;0
2083;6;4
2084;4;6
2085;4;2
2086;4;3
2087;0;0
2088;4;1
2089;2;2
2090;6;6
2091;0;0
2092;3;2
2093;3;4
2094;6;4
2095;4;4
2096;4;0
2097;6;6
2098;6;6
2099;3;3
2100;3;6
2101;3;3
2102;4;4
2103;6;6
2104;0;0
2105;4;4
2106;3;3
2107;4;2
2108;3;5
2109;5;5
2110;3;6
2111;3;3
2112;5;5
2113;4;0
2114;4;4
2115;4;4
2116;3;5
2117;6;0
2118;4;5
2119;6;6
2120;4;0
2121;6;0
2122;6;2
2123;3;6
2124;0;4
2125;2;2
2126;4;2
2127;3;3
2128;3;3
2129;3;3
2130;3;0
2131;3;3
2132;5;5
2133;6;5
2134;3;3
2135;3;6
2136;5;5
2137;4;2
2138;3;3
2139;4;4
2140;3;0
2141;3;2
2142;3;3
2143;4;0
2144;3;0
2145;4;4
2146;6;6
2147;2;2
2148;2;5
2149;3;3
2150;3;3
2151;5;5
2152;2;6
2153;2;4
2154;4;3
2155;4;0
2156;3;3
2157;0;0
2158;3;0
2159;6;2
2160;4;0
2161;4;1
2162;6;5
2163;3;5
2164;6;4
2165;5;5
2166;2;5
2167;0;2
2168;5;5
2169;5;5
2170;2;2
2171;6;6
2172;6;6
2173;4;2
2174;3;6
2175;4;4
2176;3;3
2177;3;3
2178;4;2
2179;0;0
2180;4;3
2181;3;3
2182;3;2
2183;6;6
2184;6;6
2185;0;4
2186;3;3
2187;3;3
2188;5;5
2189;6;0
2190;4;0
2191;4;0
2192;4;2
2193;3;3
2194;4;4
2195;6;6
2196;3;3
2197;3;3
2198;0;6
2199;3;3
2200;2;2
2201;3;4
2202;6;6
2203;4;0
2204;3;3
2205;5;5
2206;3;3
2207;4;6
2208;4;4
2209;5;1
2210;4;3
2211;6;0
2212;3;3
2213;4;4
2214;3;3
2215;4;2
2216;4;0
2217;5;4
2218;3;0
2219;3;3
2220;3;3
2221;6;0
2222;6;6
2223;3;3
2224;3;0
2225;3;3
2226;6;4
2227;3;3
2228;3;3
2229;3;3
2230;4;4
2231;6;4
2232;4;0
2233;6;2
2234;0;2
2235;2;4
2236;2;6
2237;5;5
2238;3;4
2239;3;4
2240;3;3
2241;3;3
2242;6;0
2243;2;4
2244;4;6
2245;5;5
2246;6;6
2247;4;3
2248;3;3
2249;0;0
2250;6;3
2251;3;3
2252;6;4
2253;0;4
2254;6;6
2255;3;3
2256;3;4
2257;3;6
2258;3;3
2259;6;2
2260;3;0
2261;4;2
2262;4;4
2263;2;5
2264;0;0
2265;3;3
2266;3;4
2267;4;4
2268;6;6
2269;0;0
2270;4;4
2271;3;3
2272;3;3
2273;6;6
2274;3;2
2275;2;0
2276;2;2
2277;2;2
2278;4;2
2279;4;0
2280;0;4
2281;0;2
2282;6;4
2283;3;3
2284;6;6
2285;2;4
2286;3;3
2287;4;6
2288;4;2
2289;4;0
2290;3;3
2291;6;6
2292;6;6
2293;5;5
2294;6;0
2295;0;0
2296;4;6
2297;4;4
2298;3;3
2299;4;6
2300;3;5
2301;5;2
2302;0;0
2303;3;3
2304;6;2
2305;5;5
2306;3;3
2307;6;6
2308;2;4
2309;2;2
2310;6;6
2311;3;3
2312;0;0
2313;4;4
2314;3;4
2315;6;6
2316;3;3
2317;3;3
2318;2;3
2319;6;6
2320;6;4
2321;2;6
2322;4;2
2323;0;0
2324;6;2
2325;0;4
2326;3;3
2327;6;6
2328;4;4
2329;3;3
2330;4;3
2331;4;2
2332;2;6
2333;6;6
2334;5;5
2335;4;3
2336;4;4
2337;4;4
2338;6;6
2339;6;4
2340;5;5
2341;3;3
2342;6;6
2343;0;0
2344;2;2
2345;5;5
2346;3;0
2347;6;0
2348;4;3
2349;4;6
2350;6;6
2351;0;6
2352;6;6
2353;3;6
2354;5;5
2355;0;0
2356;0;2
2357;6;6
2358;5;5
2359;0;4
2360;6;6
2361;3;0
2362;3;2
2363;0;0
2364;5;5
2365;3;3
2366;3;3
2367;0;0
2368;4;2
2369;6;6
2370;2;0
2371;6;4
2372;0;0
2373;3;3
2374;3;3
2375;3;3
2376;3;3
2377;2;2
2378;0;0
2379;3;3
2380;3;3
2381;4;6
2382;4;2
2383;6;6
2384;3;3
2385;0;1
2386;5;5
2387;5;3
2388;3;2
2389;3;6
2390;0;0
2391;0;4
2392;6;0
2393;3;3
2394;2;0
2395;6;3
2396;5;0
2397;5;6
2398;0;0
2399;6;3
2400;3;3
2401;5;5
2402;4;2
2403;3;4
2404;0;5
2405;5;5
2406;5;5
2407;3;3
2408;2;2
2409;0;0
2410;2;0
2411;4;2
2412;5;2
2413;3;3
2414;0;0
2415;2;6
2416;3;3
2417;3;2
2418;0;0
2419;6;6
2420;3;2
2421;3;3
2422;4;2
2423;3;3
2424;2;3
2425;6;0
2426;4;2
2427;4;4
2428;3;3
2429;3;3
2430;3;3
2431;6;4
2432;3;3
2433;0;2
2434;3;3
2435;2;4
2436;4;6
2437;4;4
2438;3;0
2439;0;4
2440;0;4
2441;2;0
2442;6;6
2443;4;6
2444;6;6
2445;6;3
2446;3;2
2447;0;0
2448;3;3
2449;3;3
2450;2;6
2451;6;4
2452;4;6
2453;0;0
2454;3;3
2455;3;3
2456;3;3
2457;3;3
2458;0;0
2459;5;5
2460;5;5
2461;3;3
2462;5;5
2463;0;0
2464;3;3
2465;5;5
2466;4;4
2467;6;6
2468;3;3
2469;3;0
2470;3;3
2471;2;2
2472;3;0
2473;6;6
2474;6;2
2475;6;6
2476;0;0
2477;4;4
2478;3;3
2479;3;3
2480;0;6
2481;3;3
2482;6;6
2483;3;3
2484;4;0
2485;5;5
2486;3;3
2487;3;3
2488;6;4
2489;0;1
2490;4;4
2491;5;5
2492;6;0
2493;4;3
2494;6;6
2495;4;4
2496;6;6
2497;0;0
2498;0;0
2499;6;6
2500;4;4
2501;6;2
2502;4;4
2503;6;6
2504;6;6
2505;2;1
2506;0;6
2507;2;4
2508;3;3
2509;3;3
2510;2;2
2511;4;4
2512;3;3
2513;4;4
2514;5;5
2515;6;3
2516;0;5
2517;2;2
2518;2;4
2519;0;0
2520;0;0
2521;3;3
2522;4;4
2523;6;0
2524;2;2
2525;4;2
2526;3;3
2527;3;2
2528;3;5
2529;4;3
2530;5;5
2531;6;4
2532;5;5
2533;6;6
2534;2;0
2535;4;4
2536;3;3
2537;5;4
2538;2;3
2539;6;6
2540;6;3
2541;5;2
2542;3;3
2543;3;3
2544;6;4
2545;6;4
2546;4;2
2547;4;0
2548;2;4
2549;3;3
2550;6;6
2551;5;5
2552;4;4
2553;6;4
2554;5;5
2555;6;6
2556;4;6
2557;4;4
2558;6;2
2559;4;4
2560;4;4
2561;6;6
2562;0;0
2563;3;0
2564;4;6
2565;3;3
2566;6;0
2567;5;5
2568;0;0
2569;3;3
2570;4;1
2571;3;3
2572;4;4
2573;6;0
2574;3;3
2575;2;2
2576;3;2
2577;3;3
2578;3;3
2579;4;2
2580;6;6
2581;0;5
2582;4;4
2583;6;6
2584;5;2
2585;3;3
2586;3;3
2587;5;2
2588;3;2
2589;3;3
2590;4;3
2591;4;4
2592;3;3
2593;6;4
2594;5;5
2595;3;3
2596;3;3
2597;2;6
2598;3;3
2599;0;2
2600;5;5
2601;4;6
2602;3;3
2603;5;5
2604;0;2
2605;6;6
2606;4;4
2607;3;0
2608;4;4
2609;3;3
2610;3;3
2611;0;0
2612;3;3
2613;6;0
2614;5;5
2615;3;3
2616;5;5
2617;6;3
2618;6;0
2619;3;3
2620;6;6
2621;4;2
2622;2;2
2623;2;1
2624;3;4
2625;4;4
2626;0;0
2627;4;0
2628;6;6
2629;5;5
2630;3;5
2631;6;4
2632;3;0
2633;3;3
2634;6;4
2635;3;3
2636;4;4
2637;3;3
2638;2;2
2639;4;4
2640;5;5
2641;3;3
2642;2;4
2643;2;3
2644;0;0
2645;3;1
2646;2;2
2647;3;0
2648;5;5
2649;4;4
2650;3;3
2651;4;2
2652;3;3
2653;3;3
2654;6;6
2655;3;1
2656;4;6
2657;2;2
2658;3;0
2659;2;6
2660;6;4
2661;2;5
2662;3;3
2663;3;3
2664;6;3
2665;3;0
2666;6;4
2667;2;4
2668;4;3
2669;2;2
2670;4;4
2671;3;3
2672;5;5
2673;3;3
2674;4;4
2675;3;3
2676;3;3
2677;3;3
2678;3;5
2679;5;5
2680;3;3
2681;3;0
2682;3;3
2683;3;4
2684;3;3
2685;3;3
2686;0;0
2687;5;5
2688;6;6
2689;6;4
2690;3;0
2691;6;6
2692;0;0
2693;3;0
2694;3;3
2695;4;3
2696;4;4
2697;6;6
2698;4;4
2699;3;3
2700;0;4
2701;6;6
2702;6;6
2703;4;6
2704;2;0
2705;4;4
2706;3;0
2707;6;5
2708;6;6
2709;3;3
2710;3;3
2711;2;2
2712;5;5
2713;6;0
2714;3;6
2715;4;0
2716;6;6
2717;5;2
2718;3;3
2719;3;3
2720;3;3
2721;6;5
2722;6;6
2723;4;4
2724;4;4
2725;6;4
2726;6;6
2727;3;3
2728;4;4
2729;4;0
2730;0;3
2731;4;0
2732;3;6
2733;5;5
2734;2;2
2735;6;4
2736;0;0
2737;4;4
2738;6;0
2739;4;4
2740;6;0
2741;6;2
2742;3;3
2743;4;4
2744;3;0
2745;5;5
2746;3;5
2747;3;3
2748;3;2
2749;6;6
2750;5;5
2751;3;3
2752;3;3
2753;3;3
2754;4;3
2755;6;0
2756;5;5
2757;3;3
2758;4;4
2759;3;4
2760;3;6
2761;3;3
2762;6;4
2763;3;3
2764;2;2
2765;3;3
2766;3;2
2767;6;6
2768;3;1
2769;6;6
2770;5;2
2771;2;4
2772;0;0
2773;6;6
2774;3;3
2775;3;3
2776;5;5
2777;4;4
2778;6;0
2779;3;3
2780;6;6
2781;6;0
2782;4;6
2783;5;5
2784;6;6
2785;4;4
2786;3;0
2787;6;0
2788;6;2
2789;2;4
2790;5;5
2791;6;6
2792;2;2
2793;6;4
2794;2;2
2795;4;2
2796;4;4
2797;6;4
2798;3;3
2799;0;0
2800;3;3
2801;5;5
2802;5;2
2803;3;0
2804;3;3
2805;0;0
2806;6;3
2807;3;3
2808;6;6
2809;0;6
2810;6;6
2811;4;1
2812;6;0
2813;4;6
2814;6;6
2815;4;2
2816;4;6
2817;0;0
2818;6;4
2819;3;3
2820;0;4
2821;4;4
2822;2;0
2823;3;2
2824;6;0
2825;6;4
2826;0;4
2827;0;0
2828;0;0
2829;5;5
2830;4;6
2831;3;3
2832;4;6
2833;3;3
2834;6;6
2835;4;6
2836;5;2
2837;5;5
2838;2;5
2839;2;4
2840;5;5
2841;6;2
2842;6;6
2843;3;3
2844;3;3
2845;3;3
2846;0;0
2847;3;6
2848;3;3
2849;4;6
2850;3;5
2851;0;4
2852;6;6
2853;6;0
2854;3;3
2855;3;0
2856;6;6
2857;6;6
2858;6;0
2859;4;4
2860;4;2
2861;4;4
2862;5;5
2863;0;0
2864;2;4
2865;6;2
2866;3;2
2867;0;0
2868;4;6
2869;3;4
2870;0;2
2871;0;0
2872;5;0
2873;6;4
2874;5;5
2875;5;2
2876;3;0
2877;0;0
2878;3;3
2879;0;4
2880;5;5
2881;6;2
2882;0;2
2883;6;6
2884;4;4
2885;5;5
2886;4;4
2887;6;6
2888;3;3
2889;4;1
2890;6;6
2891;2;5
2892;6;6
2893;2;6
2894;6;0
2895;0;0
2896;3;3
2897;3;1
2898;4;3
2899;6;4
2900;0;2
2901;4;0
2902;5;5
2903;4;3
2904;6;2
2905;5;2
2906;5;4
2907;6;3
2908;3;4
2909;4;4
2910;2;2
2911;4;6
2912;2;2
2913;0;2
2914;6;0
2915;6;6
2916;6;6
2917;3;1
2918;5;5
2919;3;3
2920;3;6
2921;2;0
2922;4;4
2923;6;6
2924;6;0
2925;6;5
2926;6;6
2927;6;4
2928;4;4
2929;0;0
2930;5;5
2931;6;4
2932;6;2
2933;6;6
2934;3;3
2935;3;3
2936;3;3
2937;5;5
2938;4;4
2939;3;3
2940;6;6
2941;5;5
2942;6;6
2943;4;6
2944;4;6
2945;6;6
2946;3;4
2947;0;6
2948;0;0
2949;2;5
2950;4;4
2951;4;2
2952;0;0
2953;3;3
2954;3;2
2955;4;4
2956;0;6
2957;0;0
2958;0;6
2959;3;3
2960;5;5
2961;3;3
2962;4;3
2963;0;0
2964;5;5
2965;5;5
2966;0;4
2967;6;2
2968;6;6
2969;6;6
2970;5;5
2971;3;0
2972;3;2
2973;5;5
2974;3;6
2975;3;3
2976;5;2
2977;3;3
2978;0;6
2979;4;2
2980;6;4
2981;2;0
2982;4;6
2983;4;6
2984;3;4
2985;6;2
2986;4;2
2987;5;2
2988;0;3
2989;4;4
2990;2;2
2991;3;3
2992;0;4
2993;6;2
2994;0;0
2995;0;4
2996;3;3
2997;4;2
2998;3;3
2999;6;5
3000;3;2
3001;6;6
3002;4;4
3003;3;3
3004;4;6
3005;0;3
3006;5;5
3007;6;4
3008;4;4
3009;3;3
3010;2;2
3011;4;2
3012;4;0
3013;2;2
3014;2;0
3015;2;2
3016;4;2
3017;3;3
3018;3;3
3019;3;3
3020;0;0
3021;4;2
3022;2;2
3023;0;3
3024;6;6
3025;6;6
3026;6;6
3027;6;0
3028;5;5
3029;4;2
3030;4;6
3031;3;3
3032;2;5
3033;5;5
3034;4;2
3035;3;3
3036;3;3
3037;5;5
3038;0;4
3039;0;0
3040;5;5
3041;3;3
3042;4;6
3043;6;0
3044;3;3
3045;6;4
3046;4;3
3047;6;2
3048;6;3
3049;3;3
3050;3;3
3051;3;3
3052;3;3
3053;3;3
3054;4;2
3055;3;3
3056;2;2
3057;5;2
3058;0;2
3059;2;4
3060;4;6
3061;0;0
3062;5;5
3063;3;3
3064;4;5
3065;3;3
3066;4;0
3067;4;4
3068;4;2
3069;0;0
3070;4;0
3071;4;4
3072;5;2
3073;0;0
3074;6;6
3075;3;3
3076;4;6
3077;3;3
3078;3;3
3079;6;4
3080;3;3
3081;5;5
3082;0;0
3083;3;3
3084;4;4
3085;6;4
3086;3;3
3087;4;0
3088;6;6
3089;3;3
3090;4;6
3091;5;5
3092;6;6
3093;4;2
3094;6;6
3095;4;6
3096;6;6
3097;2;2
3098;5;5
3099;4;2
3100;6;3
3101;3;3
3102;2;3
3103;6;6
3104;4;4
3105;6;6
3106;5;5
3107;5;5
3108;3;3
3109;5;5
3110;0;2
3111;3;5
3112;6;6
3113;5;5
3114;5;5
3115;0;0
3116;3;3
3117;6;6
3118;0;6
3119;3;1
3120;3;6
3121;6;0
3122;4;4
3123;6;0
3124;4;2
3125;5;5
3126;4;0
3127;3;1
3128;6;2
3129;3;3
3130;3;3
3131;2;3
3132;2;5
3133;4;2
3134;2;4
3135;3;3
3136;6;6
3137;4;4
3138;3;3
3139;3;0
3140;3;3
3141;3;3
3142;3;3
3143;4;4
3144;4;4
3145;2;6
3146;4;4
3147;4;6
3148;4;4
3149;6;6
3150;5;2
3151;6;6
3152;2;6
3153;4;4
3154;6;6
3155;5;5
3156;3;3
3157;6;2
3158;3;3
3159;6;2
3160;3;3
3161;0;6
3162;6;6
3163;3;0
3164;4;4
3165;4;6
3166;3;0
3167;2;4
3168;4;6
3169;6;2
3170;2;6
3171;3;3
3172;6;0
3173;6;2
3174;5;2
3175;3;6
3176;3;5
3177;3;3
3178;3;3
3179;3;3
3180;5;5
3181;5;5
3182;6;3
3183;2;3
3184;2;5
3185;3;0
3186;6;2
3187;2;3
3188;2;4
3189;3;3
3190;3;3
3191;6;4
3192;6;0
3193;6;6
3194;2;0
3195;6;4
3196;3;3
3197;3;3
3198;2;2
3199;4;1
3200;4;4
3201;6;2
3202;4;4
3203;4;4
3204;0;0
3205;3;6
3206;5;5
3207;0;4
3208;2;0
3209;0;1
3210;6;4
3211;3;3
3212;3;6
3213;4;0
3214;3;3
3215;2;4
3216;4;4
3217;5;5
3218;2;2
3219;3;3
3220;3;0
3221;5;5
3222;4;4
3223;4;1
3224;0;0
3225;5;2
3226;3;3
3227;5;2
3228;3;3
3229;3;0
3230;4;0
3231;6;6
3232;5;5
3233;5;2
3234;6;4
3235;0;0
3236;6;4
3237;5;5
3238;4;5
3239;4;0
3240;4;0
3241;0;0
3242;6;6
3243;2;2
3244;3;3
3245;4;4
3246;3;0
3247;6;6
3248;6;6
3249;3;3
3250;6;4
3251;6;2
3252;3;3
3253;4;4
3254;3;3
3255;0;0
3256;4;4
3257;5;0
3258;6;2
3259;3;3
3260;3;3
3261;2;4
3262;3;5
3263;4;4
3264;4;4
3265;6;4
3266;5;5
3267;3;6
3268;2;5
3269;5;2
3270;2;2
3271;3;3
3272;3;3
3273;5;0
3274;6;2
3275;4;0
3276;5;2
3277;6;6
3278;4;4
3279;6;3
3280;6;6
3281;4;2
3282;4;2
3283;2;2
3284;5;5
3285;6;6
3286;6;3
3287;0;0
3288;3;3
3289;3;3
3290;5;2
3291;2;4
3292;3;0
3293;3;3
3294;0;0
3295;4;2
3296;6;6
3297;0;0
3298;6;6
3299;3;3
3300;3;3
3301;2;3
3302;4;4
3303;6;3
3304;2;2
3305;5;5
3306;5;2
3307;3;3
3308;2;2
3309;5;5
3310;6;0
3311;3;3
3312;6;4
3313;3;3
3314;2;0
3315;4;4
3316;6;6
3317;5;5
3318;6;5
3319;3;6
3320;6;2
3321;4;2
3322;6;6
3323;4;0
3324;4;3
3325;5;5
3326;6;4
3327;0;4
3328;2;2
3329;6;6
3330;3;3
3331;3;0
3332;6;0
3333;6;6
3334;3;3
3335;6;4
3336;6;6
3337;4;4
3338;4;4
3339;4;4
3340;4;0
3341;4;0
3342;0;0
3343;3;3
3344;0;0
3345;6;6
3346;6;6
3347;3;2
3348;0;0
3349;2;2
3350;3;3
3351;5;5
3352;3;5
3353;4;0
3354;6;4
3355;4;4
3356;3;3
3357;6;4
3358;3;4
3359;6;6
3360;3;5
3361;4;3
3362;3;3
3363;3;3
3364;3;3
3365;6;0
3366;6;0
3367;3;3
3368;4;4
3369;2;0
3370;6;6
3371;5;5
3372;6;6
3373;2;2
3374;6;6
3375;2;4
3376;6;5
3377;4;6
3378;5;5
3379;2;2
3380;3;3
3381;4;4
3382;3;3
3383;0;0
3384;2;2
3385;6;6
3386;3;3
3387;4;3
3388;4;4
3389;4;6
3390;6;6
3391;6;6
3392;5;2
3393;6;5
3394;0;4
3395;5;2
3396;2;2
3397;6;2
3398;5;5
3399;3;2
3400;3;5
3401;4;2
3402;2;0
3403;0;3
3404;6;4
3405;4;5
3406;3;3
3407;3;0
3408;0;0
3409;3;3
3410;3;3
3411;2;2
3412;6;6
3413;4;6
3414;3;3
3415;2;4
3416;6;6
3417;4;4
3418;2;2
3419;6;4
3420;3;3
3421;6;0
3422;3;3
3423;0;4
3424;6;6
3425;2;4
3426;5;5
3427;2;4
3428;4;0
3429;3;3
3430;4;6
3431;0;3
3432;3;3
3433;3;3
3434;4;4
3435;6;0
3436;2;3
3437;6;0
3438;3;3
3439;6;5
3440;3;3
3441;3;3
3442;6;4
3443;3;2
3444;2;2
3445;4;3
3446;4;2
3447;5;0
3448;4;6
3449;3;3
3450;5;5
3451;2;2
3452;6;6
3453;5;2
3454;6;0
3455;3;2
3456;6;0
3457;3;3
3458;3;3
3459;0;2
3460;6;5
3461;3;6
3462;3;0
3463;5;2
3464;0;1
3465;4;2
3466;6;6
3467;3;3
3468;4;3
3469;3;3
3470;2;5
3471;4;6
3472;5;6
3473;3;6
3474;3;6
3475;2;2
3476;2;2
3477;6;2
3478;4;4
3479;6;3
3480;2;6
3481;3;3
3482;3;2
3483;5;5
3484;6;6
3485;3;0
3486;4;4
3487;2;3
3488;6;4
3489;6;6
3490;3;3
3491;0;0
3492;4;4
3493;3;3
3494;4;3
3495;5;5
3496;6;6
3497;3;3
3498;4;6
3499;6;6
3500;5;5
3501;4;4
3502;5;5
3503;4;2
3504;3;3
3505;6;5
3506;3;3
3507;4;3
3508;2;2
3509;6;6
3510;6;6
3511;3;3
3512;3;3
3513;6;6
3514;4;4
3515;6;6
3516;4;3
3517;3;3
3518;2;6
3519;6;4
3520;4;2
3521;6;6
3522;3;3
3523;3;3
3524;2;6
3525;3;3
3526;3;3
3527;3;4
3528;0;0
3529;2;5
3530;6;6
3531;3;0
3532;6;6
3533;2;4
3534;6;2
3535;3;3
3536;6;3
3537;3;3
3538;5;5
3539;3;3
3540;4;4
3541;3;3
3542;3;3
3543;4;4
3544;3;2
3545;4;4
3546;3;3
3547;6;6
3548;3;3
3549;4;6
3550;6;6
3551;5;5
3552;6;0
3553;0;6
3554;0;2
3555;3;3
3556;6;2
3557;0;0
3558;6;4
3559;2;0
3560;6;3
3561;4;3
3562;3;3
3563;4;6
3564;3;3
3565;6;4
3566;4;4
3567;4;6
3568;4;4
3569;3;3
3570;6;0
3571;4;4
3572;3;3
3573;4;6
3574;3;3
3575;5;2
3576;6;0
3577;6;6
3578;0;3
3579;3;3
3580;6;6
3581;4;2
3582;5;5
3583;6;6
3584;0;0
3585;2;2
3586;6;6
3587;6;0
3588;6;3
3589;3;5
3590;4;4
3591;6;6
3592;6;6
3593;3;3
3594;0;4
3595;6;0
3596;3;3
3597;4;2
3598;4;3
3599;6;5
3600;4;4
3601;6;3
3602;3;3
3603;3;6
3604;3;3
3605;0;0
3606;4;4
3607;0;2
3608;0;0
3609;2;6
3610;5;2
3611;3;3
3612;3;3
3613;0;0
3614;3;3
3615;4;2
3616;5;5
3617;4;2
3618;0;5
3619;4;4
3620;3;5
3621;3;3
3622;6;6
3623;3;3
3624;2;2
3625;6;4
3626;6;6
3627;2;0
3628;6;6
3629;0;0
3630;0;4
3631;4;4
3632;4;3
3633;5;5
3634;3;4
3635;3;3
3636;0;4
3637;3;3
3638;4;4
3639;5;5
3640;5;5
3641;6;2
3642;0;4
3643;3;3
3644;4;4
3645;4;4
3646;0;1
3647;5;5
3648;6;6
3649;3;2
3650;3;3
3651;3;3
3652;0;1
3653;6;6
3654;2;3
3655;3;6
3656;3;4
3657;3;3
3658;5;5
3659;4;4
3660;2;4
3661;4;2
3662;3;3
3663;6;6
3664;0;0
3665;2;2
3666;2;5
3667;6;4
3668;6;6
3669;4;2
3670;4;0
3671;0;0
3672;4;3
3673;6;6
3674;4;4
3675;3;3
3676;0;4
3677;3;3
3678;4;6
3679;4;4
3680;2;2
3681;3;2
3682;0;0
3683;3;3
3684;5;4
3685;6;0
3686;3;3
3687;3;2
3688;3;6
3689;4;3
3690;3;5
3691;4;1
3692;0;0
3693;3;3
3694;3;2
3695;3;3
3696;4;4
3697;6;6
3698;3;3
3699;4;2
3700;3;3
3701;6;3
3702;3;2
3703;4;4
3704;6;4
3705;4;0
3706;4;4
3707;4;4
3708;4;4
3709;6;6
3710;4;4
3711;6;4
3712;4;6
3713;4;2
3714;4;4
3715;5;5
3716;4;2
3717;3;2
3718;6;6
3719;0;4
3720;6;6
3721;3;3
3722;5;5
3723;3;3
3724;5;5
3725;3;6
3726;6;6
3727;6;6
3728;3;5
3729;3;3
3730;3;3
3731;5;6
3732;4;4
3733;4;4
3734;5;5
3735;3;3
3736;6;4
3737;2;0
3738;0;2
3739;4;4
3740;4;4
3741;4;4
3742;0;1
3743;6;6
3744;4;2
3745;4;2
3746;4;4
3747;3;3
3748;3;3
3749;4;3
3750;4;2
3751;4;1
3752;6;6
3753;3;3
3754;3;3
3755;2;4
3756;3;3
3757;0;2
3758;3;3
3759;3;3
3760;6;5
3761;4;0
3762;5;5
3763;6;6
3764;6;2
3765;3;2
3766;5;5
3767;6;3
3768;6;6
3769;0;0
3770;4;3
3771;3;3
3772;4;2
3773;0;0
3774;4;4
3775;3;3
3776;4;6
3777;6;6
3778;5;0
3779;4;6
3780;4;4
3781;6;6
3782;3;3
3783;3;3
3784;3;3
3785;0;0
3786;5;5
3787;4;6
3788;0;0
3789;4;2
3790;2;4
3791;4;2
3792;3;3
3793;6;4
3794;6;2
3795;5;6
3796;2;2
3797;0;0
3798;3;3
3799;4;0
3800;4;3
3801;0;0
3802;4;6
3803;6;6
3804;6;6
3805;3;3
3806;6;4
3807;3;3
3808;3;6
3809;3;3
3810;2;5
3811;3;3
3812;3;6
3813;5;5
3814;4;2
3815;6;6
3816;3;3
3817;4;6
3818;3;3
3819;3;3
3820;3;0
3821;3;2
3822;3;3
3823;3;3
3824;3;5
3825;4;0
3826;0;0
3827;0;0
3828;4;3
3829;6;6
3830;5;1
3831;6;3
3832;4;4
3833;4;4
3834;4;6
3835;3;3
3836;3;2
3837;6;0
3838;0;3
3839;4;2
3840;4;2
3841;3;3
3842;4;4
3843;5;5
3844;3;3
3845;6;4
3846;4;6
3847;6;2
3848;4;3
3849;3;3
3850;6;6
3851;5;6
3852;4;2
3853;5;3
3854;5;5
3855;6;6
3856;0;0
3857;0;0
3858;5;5
3859;0;0
3860;4;6
3861;0;2
3862;3;3
3863;4;4
3864;3;3
3865;3;3
3866;3;4
3867;4;4
3868;0;3
3869;3;3
3870;5;3
3871;3;1
3872;3;3
3873;3;5
3874;3;3
3875;4;4
3876;3;3
3877;4;4
3878;6;6
3879;3;3
3880;4;6
3881;3;3
3882;5;5
3883;6;6
3884;3;6
3885;4;2
3886;6;0
3887;0;0
3888;2;2
3889;4;4
3890;6;4
3891;6;6
3892;0;0
3893;4;2
3894;6;0
3895;2;2
3896;3;3
3897;3;3
3898;4;3
3899;5;4
3900;4;2
3901;3;3
3902;4;4
3903;5;5
3904;4;6
3905;5;5
3906;3;3
3907;4;2
3908;3;2
3909;4;0
3910;3;3
3911;4;2
3912;3;3
3913;0;3
3914;3;3
3915;0;2
3916;4;4
3917;6;4
3918;3;3
3919;6;2
3920;6;6
3921;3;6
3922;4;3
3923;4;0
3924;3;6
3925;4;2
3926;3;3
3927;0;3
3928;5;2
3929;3;3
3930;5;5
3931;0;1
3932;6;6
3933;6;3
3934;3;3
3935;4;4
3936;3;3
3937;6;6
3938;3;0
3939;4;6
3940;3;3
3941;6;6
3942;4;6
3943;6;6
3944;0;0
3945;3;3
3946;3;0
3947;3;5
3948;6;6
3949;4;6
3950;4;4
3951;6;0
3952;5;5
3953;6;0
3954;3;3
3955;0;2
3956;3;3
3957;4;4
3958;3;3
3959;2;0
3960;6;6
3961;3;3
3962;3;3
3963;4;4
3964;3;4
3965;4;0
3966;3;3
3967;0;0
3968;4;4
3969;3;3
3970;5;5
3971;4;4
3972;3;3
3973;2;4
3974;3;3
3975;3;3
3976;3;4
3977;6;6
3978;3;3
3979;6;6
3980;3;3
3981;6;4
3982;3;3
3983;2;2
3984;0;2
3985;4;4
3986;6;2
3987;6;3
3988;5;3
3989;6;0
3990;6;4
3991;5;2
3992;6;2
3993;3;4
3994;5;5
3995;6;5
3996;4;4
3997;3;3
3998;4;0
3999;5;5
4000;6;6
4001;4;6
4002;6;2
4003;6;6
4004;3;0
4005;3;3
4006;3;3
4007;6;6
4008;6;6
4009;3;3
4010;6;2
4011;4;0
4012;0;0
4013;6;4
4014;3;6
4015;4;3
4016;4;2
4017;5;2
4018;5;1
4019;3;5
4020;3;3
4021;6;6
4022;4;4
4023;5;5
4024;0;0
4025;0;0
4026;5;2
4027;3;3
4028;3;0
4029;3;3
4030;3;3
4031;4;4
4032;4;4
4033;0;5
4034;6;0
4035;4;0
4036;4;6
4037;4;0
4038;5;4
4039;3;3
4040;6;3
4041;3;3
4042;6;4
4043;6;6
4044;6;6
4045;5;5
4046;3;3
4047;4;4
4048;5;5
4049;4;6
4050;0;0
4051;0;0
4052;3;3
4053;4;4
4054;3;3
4055;2;2
4056;6;2
4057;4;6
4058;2;2
4059;5;5
4060;6;6
4061;3;3
4062;0;2
4063;0;0
4064;3;3
4065;6;6
4066;5;5
4067;6;0
4068;3;3
4069;0;0
4070;3;3
4071;4;0
4072;3;3
4073;3;3
4074;2;2
4075;4;2
4076;4;4
4077;3;3
4078;6;6
4079;3;3
4080;4;2
4081;0;4
4082;3;3
4083;5;2
4084;2;0
4085;4;6
4086;3;3
4087;4;2
4088;0;2
4089;6;6
4090;0;1
4091;4;3
4092;0;0
4093;6;0
4094;3;3
4095;4;6
4096;0;0
4097;0;0
4098;6;0
4099;4;0
4100;6;2
4101;0;0
4102;6;6
4103;4;4
4104;3;3
4105;6;6
4106;6;2
4107;0;3
4108;6;2
4109;3;0
4110;4;6
4111;5;2
4112;2;2
4113;2;0
4114;3;3
4115;6;6
4116;4;6
4117;2;2
4118;4;3
4119;6;0
4120;6;6
4121;3;6
4122;6;6
4123;6;6
4124;0;2
4125;0;1
4126;0;0
4127;3;6
4128;6;0
4129;4;2
4130;4;4
4131;5;5
4132;3;3
4133;4;2
4134;5;2
4135;0;4
4136;3;3
4137;6;6
4138;2;5
4139;0;0
4140;4;0
4141;3;4
4142;3;6
4143;4;4
4144;3;3
4145;6;6
4146;3;3
4147;0;3
4148;3;3
4149;4;4
4150;0;0
4151;2;2
4152;3;3
4153;6;6
4154;6;0
4155;4;3
4156;6;6
4157;2;3
4158;5;5
4159;0;0
4160;6;2
4161;5;5
4162;4;4
4163;3;4
4164;3;3
4165;5;5
4166;3;3
4167;0;0
4168;4;4
4169;2;4
4170;6;6
4171;3;3
4172;6;3
4173;6;6
4174;5;5
4175;4;6
4176;4;0
4177;4;4
4178;5;5
4179;3;3
4180;6;2
4181;6;6
4182;4;3
4183;3;3
4184;6;6
4185;4;4
4186;5;5
4187;6;6
4188;6;4
4189;6;6
4190;2;0
4191;2;5
4192;0;2
4193;6;0
4194;0;0
4195;5;5
4196;3;3
4197;0;0
4198;0;3
4199;3;3
4200;0;6
4201;4;4
4202;6;2
4203;6;6
4204;6;6
4205;4;4
4206;4;4
4207;5;5
4208;3;4
4209;6;3
4210;6;5
4211;6;4
4212;6;2
4213;0;0
4214;4;4
4215;3;4
4216;4;4
4217;3;0
4218;4;4
4219;0;0
4220;0;0
4221;4;4
4222;2;4
4223;3;0
4224;5;6
4225;6;3
4226;4;3
4227;5;2
4228;4;4
4229;3;3
4230;3;3
4231;6;2
4232;3;3
4233;3;3
4234;0;3
4235;2;2
4236;3;3
4237;5;5
4238;5;5
4239;4;4
4240;4;2
4241;6;0
4242;2;2
4243;4;2
4244;3;3
4245;3;3
4246;0;0
4247;2;2
4248;2;3
4249;3;4
4250;6;4
4251;6;6
4252;2;0
4253;4;4
4254;3;3
4255;3;3
4256;5;5
4257;4;4
4258;5;5
4259;3;3
4260;2;5
4261;3;0
4262;6;6
4263;3;3
4264;2;2
4265;0;0
4266;3;3
4267;3;3
4268;6;6
4269;3;3
4270;5;5
4271;6;2
4272;5;5
4273;3;3
4274;6;6
4275;6;6
4276;4;2
4277;6;1
4278;5;2
4279;6;2
4280;3;6
4281;3;3
4282;3;3
4283;3;3
4284;3;3
4285;6;4
4286;3;3
4287;3;3
4288;6;6
4289;0;6
4290;4;3
4291;2;4
4292;3;3
4293;4;4
4294;3;2
4295;6;0
4296;6;6
4297;3;6
4298;6;5
4299;4;0
4300;5;2
4301;5;5
4302;5;5
4303;5;3
4304;0;0
4305;4;2
4306;3;3
4307;3;3
4308;4;3
4309;2;6
4310;6;3
4311;0;0
4312;6;0
4313;4;4
4314;3;5
4315;6;2
4316;3;3
4317;3;3
4318;2;2
4319;6;4
4320;2;0
4321;6;6
4322;3;3
4323;3;3
4324;3;5
4325;4;4
4326;0;0
4327;2;6
4328;3;3
4329;6;4
4330;5;6
4331;6;6
4332;6;6
4333;4;3
4334;4;4
4335;4;4
4336;3;3
4337;6;6
4338;6;6
4339;6;6
4340;5;5
4341;5;5
4342;0;1
4343;3;6
4344;4;4
4345;3;0
4346;0;6
4347;3;3
4348;4;3
4349;6;6
4350;6;6
4351;2;3
4352;4;4
4353;6;4
4354;4;4
4355;6;2
4356;3;3
4357;6;6
4358;4;6
4359;5;2
4360;3;3
4361;5;2
4362;0;0
4363;4;6
4364;3;3
4365;3;3
4366;3;3
4367;4;4
4368;0;0
4369;4;5
4370;4;2
4371;3;3
4372;6;0
4373;4;0
4374;0;0
4375;4;2
4376;3;3
4377;4;2
4378;5;5
4379;2;5
4380;0;0
4381;4;6
4382;6;3
4383;4;1
4384;6;2
4385;6;1
4386;3;3
4387;4;6
4388;6;2
4389;4;4
4390;6;6
4391;2;5
4392;6;6
4393;0;0
4394;6;2
4395;4;2
4396;4;4
4397;4;6
4398;3;3
4399;6;6
4400;2;2
4401;3;3
4402;2;2
4403;3;3
4404;3;3
4405;3;3
4406;5;5
4407;5;0
4408;3;3
4409;3;3
4410;3;3
4411;4;0
4412;5;5
4413;6;2
4414;4;2
4415;3;3
4416;3;2
4417;4;0
4418;3;3
4419;0;6
4420;6;6
4421;2;2
4422;4;5
4423;4;4
4424;4;2
4425;6;0
4426;0;2
4427;6;6
4428;3;3
4429;3;0
4430;3;2
4431;4;2
4432;0;0
4433;6;4
4434;5;3
4435;6;0
4436;6;6
4437;4;4
4438;4;4
4439;5;5
4440;0;4
4441;2;2
4442;5;4
4443;3;3
4444;3;3
4445;4;4
4446;6;5
4447;3;3
4448;4;6
4449;3;0
4450;4;4
4451;0;4
4452;0;0
4453;3;3
4454;0;0
4455;6;6
4456;3;3
4457;3;3
4458;2;2
4459;5;5
4460;6;6
4461;0;2
4462;3;3
4463;6;0
4464;3;0
4465;3;2
4466;4;6
4467;6;3
4468;6;6
4469;4;4
4470;3;1
4471;4;6
4472;3;3
4473;6;6
4474;3;3
4475;2;4
4476;3;3
4477;5;5
4478;0;1
4479;5;5
4480;0;0
4481;3;2
4482;5;5
4483;4;6
4484;4;3
4485;6;6
4486;6;4
4487;2;4
4488;6;6
4489;4;2
4490;3;3
4491;3;4
4492;0;6
4493;3;3
4494;3;0
4495;6;6
4496;4;4
4497;4;4
4498;3;3
4499;0;0
4500;0;0
4501;3;3
4502;3;3
4503;2;5
4504;2;2
4505;5;2
4506;3;3
4507;4;2
4508;3;3
4509;5;5
4510;4;0
4511;2;5
4512;4;2
4513;3;6
4514;6;6
4515;3;3
4516;5;5
4517;5;5
4518;3;3
4519;3;5
4520;4;2
4521;5;5
4522;3;2
4523;6;4
4524;3;3
4525;4;3
4526;3;3
4527;4;2
4528;5;5
4529;6;4
4530;6;6
4531;3;3
4532;0;6
4533;4;6
4534;0;2
4535;3;3
4536;6;6
4537;3;3
4538;4;2
4539;3;3
4540;2;4
4541;4;4
4542;5;5
4543;3;3
4544;6;3
4545;0;0
4546;4;4
4547;2;2
4548;4;5
4549;5;2
4550;3;3
4551;3;3
4552;3;6
4553;4;2
4554;0;2
4555;3;3
4556;4;6
4557;5;2
4558;4;6
4559;4;4
4560;5;5
4561;4;4
4562;5;4
4563;5;5
4564;4;4
4565;0;0
4566;6;3
4567;6;4
4568;4;4
4569;2;2
4570;2;5
4571;3;3
4572;4;2
4573;0;4
4574;2;2
4575;0;0
4576;6;0
4577;3;4
4578;5;5
4579;3;3
4580;2;2
4581;6;6
4582;4;4
4583;3;6
4584;0;0
4585;0;1
4586;6;2
4587;6;6
4588;4;6
4589;4;2
4590;6;3
4591;3;6
4592;2;6
4593;3;3
4594;6;2
4595;4;1
4596;4;2
4597;6;6
4598;4;4
4599;5;2
4600;4;3
4601;0;0
4602;5;0
4603;5;5
4604;0;0
4605;5;6
4606;5;5
4607;6;0
4608;6;2
4609;4;4
4610;5;5
4611;6;3
4612;4;4
4613;5;2
4614;2;0
4615;5;5
4616;3;3
4617;4;2
4618;4;4
4619;2;0
4620;0;0
4621;4;6
4622;0;0
4623;5;5
4624;2;4
4625;3;3
4626;2;4
4627;6;6
4628;2;5
4629;3;3
4630;4;0
4631;4;2
4632;3;3
4633;4;0
4634;3;2
4635;6;6
4636;2;2
4637;5;5
4638;6;1
4639;6;6
4640;4;4
4641;6;0
4642;3;3
4643;0;0
4644;6;6
4645;6;6
4646;0;0
4647;3;3
4648;2;2
4649;3;3
4650;5;2
4651;3;3
4652;4;4
4653;3;0
4654;5;5
4655;3;3
4656;6;2
4657;5;5
4658;0;0
4659;6;3
4660;4;0
4661;5;5
4662;3;3
4663;5;2
4664;3;3
4665;5;4
4666;6;3
4667;3;3
4668;3;3
4669;2;5
4670;4;4
4671;2;2
4672;5;5
4673;6;6
4674;3;5
4675;6;6
4676;4;3
4677;4;0
4678;4;6
4679;6;4
4680;6;6
4681;3;6
4682;3;0
4683;3;3
4684;2;1
4685;4;0
4686;4;4
4687;3;3
4688;2;6
4689;5;2
4690;6;1
4691;3;3
4692;6;6
4693;6;4
4694;3;6
4695;4;4
4696;6;6
4697;6;6
4698;3;3
4699;6;6
4700;3;0
4701;4;4
4702;5;2
4703;0;0
4704;5;3
4705;0;2
4706;4;4
4707;4;0
4708;6;6
4709;6;6
4710;4;6
4711;4;4
4712;4;4
4713;5;5
4714;0;0
4715;3;3
4716;2;2
4717;6;0
4718;6;6
4719;3;3
4720;2;2
4721;5;5
4722;5;5
4723;2;2
4724;4;4
4725;0;4
4726;3;2
4727;0;0
4728;3;3
4729;4;4
4730;3;3
4731;6;6
4732;3;3
4733;4;6
4734;4;2
4735;0;1
4736;3;0
4737;6;6
4738;2;2
4739;0;2
4740;4;4
4741;6;1
4742;3;3
4743;4;2
4744;5;5
4745;6;2
4746;5;5
4747;0;0
4748;0;6
4749;3;3
4750;3;3
4751;3;3
4752;6;4
4753;4;0
4754;3;3
4755;0;6
4756;0;0
4757;5;5
4758;5;5
4759;6;0
4760;3;3
4761;3;5
4762;3;3
4763;6;3
4764;5;5
4765;3;3
4766;6;6
4767;6;5
4768;3;3
4769;4;3
4770;3;3
4771;3;3
4772;3;3
4773;6;0
4774;3;3
4775;5;5
4776;4;4
4777;6;0
4778;3;4
4779;3;6
4780;3;4
4781;3;3
4782;6;6
4783;6;6
4784;6;4
4785;0;0
4786;3;3
4787;6;0
4788;3;6
4789;3;3
4790;4;4
4791;3;0
4792;0;0
4793;5;5
4794;3;3
4795;4;4
4796;5;5
4797;6;6
4798;3;3
4799;3;3
4800;4;6
4801;5;2
4802;5;5
4803;4;2
4804;4;4
4805;2;2
4806;3;3
4807;5;5
4808;2;5
4809;3;3
4810;3;3
4811;4;2
4812;0;0
4813;3;3
4814;5;5
4815;0;1
4816;4;6
4817;0;0
4818;6;6
4819;5;5
4820;6;2
4821;3;6
4822;5;5
4823;6;6
4824;4;4
4825;5;5
4826;3;6
4827;5;5
4828;5;0
4829;6;5
4830;2;2
4831;3;4
4832;3;3
4833;5;5
4834;4;4
4835;4;4
4836;3;3
4837;5;5
4838;6;6
4839;4;3
4840;3;3
4841;3;3
4842;6;6
4843;5;5
4844;6;4
4845;5;2
4846;4;6
4847;6;0
4848;3;3
4849;4;4
4850;3;3
4851;3;5
4852;4;4
4853;5;5
4854;3;3
4855;4;2
4856;5;5
4857;4;4
4858;4;2
4859;6;6
4860;3;3
4861;2;4
4862;2;0
4863;4;2
4864;0;0
4865;6;4
4866;2;2
4867;0;2
4868;3;3
4869;4;4
4870;4;4
4871;2;0
4872;4;2
4873;3;5
4874;4;4
4875;6;2
4876;2;2
4877;4;4
4878;3;3
4879;2;0
4880;4;0
4881;3;4
4882;3;5
4883;6;4
4884;3;3
4885;4;4
4886;0;0
4887;6;4
4888;6;6
4889;3;3
4890;0;0
4891;6;5
4892;5;5
4893;6;6
4894;5;5
4895;6;6
4896;3;2
4897;5;5
4898;5;6
4899;3;4
4900;3;3
4901;6;6
4902;6;4
4903;3;6
4904;6;6
4905;2;2
4906;5;5
4907;5;2
4908;6;4
4909;3;4
4910;4;0
4911;6;6
4912;3;3
4913;5;2
4914;2;5
4915;3;3
4916;4;2
4917;6;6
4918;3;3
4919;6;6
4920;3;2
4921;3;3
4922;5;5
4923;3;3
4924;6;6
4925;6;4
4926;6;6
4927;3;3
4928;4;4
4929;3;3
4930;3;3
4931;0;0
4932;5;5
4933;0;6
4934;0;0
4935;0;0
4936;2;2
4937;5;5
4938;2;4
4939;6;4
4940;0;6
4941;3;3
4942;6;5
4943;4;4
4944;5;5
4945;3;2
4946;4;2
4947;5;5
4948;3;3
4949;4;6
4950;0;0
4951;2;2
4952;4;4
4953;6;3
4954;5;2
4955;6;3
4956;3;3
4957;2;2
4958;4;4
4959;5;6
4960;4;2
4961;4;3
4962;6;0
4963;2;0
4964;4;4
4965;6;2
4966;0;0
4967;4;5
4968;3;0
4969;2;4
4970;6;0
4971;6;6
4972;0;0
4973;2;4
4974;5;5
4975;3;5
4976;3;3
4977;4;4
4978;6;6
4979;3;2
4980;3;3
4981;3;3
4982;3;3
4983;0;0
4984;3;3
4985;3;0
4986;3;3
4987;6;5
4988;4;3
4989;4;2
4990;4;4
4991;6;2
4992;3;3
4993;6;6
4994;3;3
4995;5;2
4996;6;4
4997;3;3
4998;6;6
4999;3;3
5000;6;3
5001;4;4
5002;6;6
5003;3;3
5004;4;5
5005;3;4
5006;6;4
5007;2;6
5008;4;4
5009;3;3
5010;5;5
5011;3;3
5012;6;3
5013;3;3
5014;4;4
5015;3;4
5016;6;6
5017;3;3
5018;3;3
5019;3;3
5020;3;3
5021;3;3
5022;0;0
5023;3;3
5024;5;6
5025;4;4
5026;4;4
5027;3;3
5028;6;6
5029;4;4
5030;4;4
5031;3;3
5032;6;6
5033;3;3
5034;3;3
5035;3;3
5036;3;3
5037;3;2
5038;6;4
5039;3;3
5040;0;2
5041;5;5
5042;6;6
5043;3;3
5044;5;5
5045;4;2
5046;6;4
5047;4;4
5048;6;2
5049;3;4
5050;6;6
5051;6;6
5052;3;3
5053;3;3
5054;3;6
5055;6;0
5056;3;3
5057;3;6
5058;6;2
5059;0;6
5060;5;5
5061;4;4
5062;0;4
5063;6;0
5064;2;2
5065;3;3
5066;5;5
5067;0;0
5068;6;3
5069;5;5
5070;2;4
5071;3;3
5072;3;4
5073;6;2
5074;6;6
5075;4;4
5076;4;4
5077;6;6
5078;3;3
5079;3;3
5080;6;0
5081;0;0
5082;3;3
5083;6;6
5084;3;2
5085;2;4
5086;6;2
5087;3;3
5088;3;3
5089;3;3
5090;2;0
5091;6;6
5092;5;2
5093;0;6
5094;6;6
5095;0;2
5096;5;5
5097;6;6
5098;6;4
5099;2;3
5100;5;5
5101;0;2
5102;3;0
5103;6;6
5104;3;3
5105;0;0
5106;4;4
5107;4;3
5108;3;3
5109;5;2
5110;4;4
5111;4;0
5112;3;3
5113;4;4
5114;2;0
5115;5;5
5116;2;2
5117;3;6
5118;4;2
5119;3;1
5120;3;3
5121;4;4
5122;5;2
5123;3;3
5124;2;6
5125;4;4
5126;4;2
5127;2;3
5128;4;4
5129;3;0
5130;5;6
5131;3;4
5132;3;6
5133;3;3
5134;0;0
5135;3;3
5136;3;6
5137;2;2
5138;6;4
5139;5;2
5140;3;2
5141;0;4
5142;6;4
5143;3;3
5144;4;4
5145;6;6
5146;0;2
5147;6;0
5148;0;0
5149;0;1
5150;0;2
5151;3;3
5152;3;1
5153;4;2
5154;3;6
5155;6;0
5156;5;5
5157;0;0
5158;3;6
5159;3;3
5160;6;6
5161;2;0
5162;0;0
5163;0;6
5164;6;2
5165;4;6
5166;3;3
5167;6;2
5168;3;4
5169;6;4
5170;2;2
5171;3;3
5172;5;5
5173;0;0
5174;3;3
5175;5;5
5176;6;6
5177;4;6
5178;6;2
5179;4;0
5180;5;5
5181;4;2
5182;6;4
5183;6;6
5184;6;2
5185;0;2
5186;2;2
5187;2;0
5188;3;4
5189;0;0
5190;6;6
5191;4;4
5192;2;2
5193;4;6
5194;6;4
5195;3;3
5196;6;4
5197;5;5
5198;3;4
5199;3;6
5200;2;2
5201;3;6
5202;3;3
5203;5;5
5204;4;4
5205;4;2
5206;6;0
5207;4;6
5208;3;3
5209;2;0
5210;6;6
5211;6;0
5212;6;6
5213;6;0
5214;3;0
5215;2;5
5216;3;3
5217;2;3
5218;3;6
5219;4;4
5220;3;3
5221;6;0
5222;3;3
5223;0;0
5224;4;4
5225;2;3
5226;2;2
5227;3;3
5228;5;5
5229;3;4
5230;3;3
5231;0;3
5232;3;3
5233;5;4
5234;3;3
5235;6;6
5236;4;2
5237;0;5
5238;2;2
5239;3;2
5240;3;3
5241;6;4
5242;3;3
5243;2;2
5244;6;6
5245;4;4
5246;3;5
5247;6;6
5248;6;0
5249;4;0
5250;6;6
5251;4;3
5252;5;5
5253;4;0
5254;5;5
5255;4;4
5256;2;2
5257;3;3
5258;5;2
5259;4;2
5260;3;3
5261;3;3
5262;3;3
5263;3;3
5264;6;2
5265;5;2
5266;5;5
5267;6;2
5268;6;2
5269;6;6
5270;0;0
5271;2;2
5272;2;4
5273;6;4
5274;3;3
5275;0;4
5276;6;6
5277;6;4
5278;0;0
5279;4;4
5280;5;5
5281;4;4
5282;6;4
5283;3;0
5284;6;4
5285;5;2
5286;6;2
5287;3;5
5288;4;2
5289;6;6
5290;4;6
5291;4;4
5292;0;1
5293;4;4
5294;3;3
5295;4;4
5296;0;2
5297;4;2
5298;4;2
5299;6;6
5300;3;0
5301;3;4
5302;6;6
5303;0;0
5304;3;3
5305;3;3
5306;4;4
5307;4;4
5308;6;6
5309;3;4
5310;2;0
5311;6;4
5312;6;6
5313;4;1
5314;3;3
5315;2;0
5316;4;4
5317;0;4
5318;2;2
5319;0;3
5320;0;0
5321;5;5
5322;3;2
5323;6;4
5324;3;3
5325;3;3
5326;6;6
5327;3;0
5328;3;3
5329;0;0
5330;2;0
5331;3;3
5332;3;3
5333;5;5
5334;6;4
5335;3;3
5336;3;3
5337;0;0
5338;4;0
5339;0;0
5340;3;3
5341;3;0
5342;6;4
5343;3;6
5344;5;5
5345;3;3
5346;2;2
5347;4;2
5348;4;0
5349;5;5
5350;3;4
5351;5;5
5352;2;5
5353;3;3
5354;2;4
5355;0;0
5356;6;6
5357;6;6
5358;3;3
5359;5;0
5360;3;3
5361;3;3
5362;5;5
5363;3;3
5364;4;4
5365;3;3
5366;5;5
5367;3;4
5368;4;0
5369;3;2
5370;6;6
5371;3;3
5372;0;6
5373;0;3
5374;4;4
5375;4;6
5376;4;6
5377;0;6
5378;0;0
5379;3;3
5380;6;6
5381;0;4
5382;3;4
